instance,family,is_chimera,is_qubo_cache_active,sense,baseline_status,mode15_status,mode16_status,baseline_obj,mode15_obj,mode16_obj,mode16_vs_baseline,mode16_vs_mode15,pair_attempt,pair_checked,pair_executed,pair_improved_best,pair_best_seen,pair_time_spent,cache_mismatch16,mode15_cache_mismatch
ball_mk2_10.lp,ball,0,0,min,FEASIBLE,FEASIBLE,FEASIBLE,0.0,0.0,0.0,tie,tie,0,0,0,0,0.0,0.0,0,0
ball_mk2_30.lp,ball,0,0,min,FEASIBLE,FEASIBLE,FEASIBLE,0.0,0.0,0.0,tie,tie,0,0,0,0,0.0,0.0,0,0
ball_mk3_10.lp,ball,0,0,,UNKNOWN,NO_FEASIBLE_SOLUTION,NO_FEASIBLE_SOLUTION,,,,tie,tie,0,0,0,0,0.0,0.0,0,0
ball_mk3_20.lp,ball,0,0,,UNKNOWN,NO_FEASIBLE_SOLUTION,NO_FEASIBLE_SOLUTION,,,,tie,tie,0,0,0,0,0.0,0.0,0,0
ball_mk3_30.lp,ball,0,0,,UNKNOWN,NO_FEASIBLE_SOLUTION,NO_FEASIBLE_SOLUTION,,,,tie,tie,0,0,0,0,0.0,0.0,0,0
ball_mk4_05.lp,ball,0,0,,UNKNOWN,NO_FEASIBLE_SOLUTION,NO_FEASIBLE_SOLUTION,,,,tie,tie,0,0,0,0,0.0,0.0,0,0
ball_mk4_10.lp,ball,0,0,,UNKNOWN,NO_FEASIBLE_SOLUTION,NO_FEASIBLE_SOLUTION,,,,tie,tie,0,0,0,0,0.0,0.0,0,0
ball_mk4_15.lp,ball,0,0,,UNKNOWN,NO_FEASIBLE_SOLUTION,NO_FEASIBLE_SOLUTION,,,,tie,tie,0,0,0,0,0.0,0.0,0,0
chimera_k64ising-01.lp,chimera,1,1,max,FEASIBLE,FEASIBLE,FEASIBLE,12.1,18.0,22.3,win,win,53174,99138395,37852,7,2.0,57.673,0,0
chimera_k64maxcut-01.lp,chimera,1,1,max,FEASIBLE,FEASIBLE,FEASIBLE,13.8,15.7,19.4,win,win,74038,100063680,48293,9,1.8,52.0663,0,0
chimera_k64maxcut-02.lp,chimera,1,1,max,FEASIBLE,FEASIBLE,FEASIBLE,15.7,17.8,21.0,win,win,73296,102285196,47638,6,1.8,50.7579,0,0
chimera_lga-01.lp,chimera,1,1,max,FEASIBLE,FEASIBLE,FEASIBLE,130.2,135.7,139.5,win,win,37001,117040967,31875,18,2.0,64.2644,0,0
chimera_lga-02.lp,chimera,1,1,max,FEASIBLE,FEASIBLE,FEASIBLE,126.0,127.6,130.0,win,win,40982,118183025,31755,13,2.0,63.0747,0,0
chimera_mgw-c16-2031-01.lp,chimera,1,1,max,FEASIBLE,FEASIBLE,FEASIBLE,2001.0,2002.0,2000.0,loss,loss,18073,142756495,2168,12,2.0,62.7686,0,0
chimera_mgw-c16-2031-02.lp,chimera,1,1,max,FEASIBLE,FEASIBLE,FEASIBLE,2001.0,2002.0,2002.0,win,tie,16650,131514892,2257,11,2.0,61.5279,0,0
chimera_mgw-c8-439-onc8-001.lp,chimera,1,1,max,FEASIBLE,FEASIBLE,FEASIBLE,405.0,405.0,405.0,tie,tie,116761,172639020,27520,9,2.0,73.2046,0,0
chimera_mgw-c8-439-onc8-002.lp,chimera,1,1,max,FEASIBLE,FEASIBLE,FEASIBLE,396.0,396.0,397.0,win,win,112626,166578435,20576,12,2.0,77.4056,0,0
chimera_mgw-c8-507-onc8-01.lp,chimera,1,1,max,FEASIBLE,FEASIBLE,FEASIBLE,493.0,493.0,493.0,tie,tie,83495,158942852,20461,5,2.0,68.3191,0,0
chimera_mgw-c8-507-onc8-02.lp,chimera,1,1,max,FEASIBLE,FEASIBLE,FEASIBLE,495.0,495.0,495.0,tie,tie,88167,167929434,14705,5,2.0,70.8297,0,0
chimera_mis-01.lp,chimera,1,1,max,FEASIBLE,FEASIBLE,FEASIBLE,384.4,386.2,387.4,win,win,30564,133878064,3475,77,0.2,63.7189,0,0
chimera_mis-02.lp,chimera,1,1,max,FEASIBLE,FEASIBLE,FEASIBLE,395.2,396.2,396.8,win,win,31988,141855746,2582,80,0.2,64.9776,0,0
chimera_rfr-01.lp,chimera,1,1,max,FEASIBLE,FEASIBLE,FEASIBLE,1187.9,1191.3,1192.0,win,win,15286,115174068,9767,60,1.7,63.3051,0,0
chimera_rfr-02.lp,chimera,1,1,max,FEASIBLE,FEASIBLE,FEASIBLE,1162.7,1163.1,1162.8,win,loss,14885,111949477,11218,59,1.5,63.6828,0,0
chimera_selby-c16-01.lp,chimera,1,1,max,FEASIBLE,FEASIBLE,FEASIBLE,723.4,728.2,734.1,win,win,21691,118050453,12421,88,1.5,58.3725,0,0
chimera_selby-c16-02.lp,chimera,1,1,max,FEASIBLE,FEASIBLE,FEASIBLE,718.9,718.1,734.2,win,win,20767,112128061,10821,74,1.5,57.6253,0,0
chimera_selby-c8-onc8-01.lp,chimera,1,1,max,FEASIBLE,FEASIBLE,FEASIBLE,177.3,176.1,178.9,win,win,98883,129258368,44643,21,1.6,57.5184,0,0
chimera_selby-c8-onc8-02.lp,chimera,1,1,max,FEASIBLE,FEASIBLE,FEASIBLE,167.6,167.8,168.0,win,win,91470,117290796,42237,18,1.8,57.7999,0,0
crossdock_15x8.lp,crossdock,0,0,min,FEASIBLE,FEASIBLE,FEASIBLE,16192.0,16192.0,16192.0,tie,tie,0,0,0,0,0.0,0.0,0,0
graphpart_2g-0044-1601.lp,graphpart,0,0,min,FEASIBLE,FEASIBLE,FEASIBLE,-919798.0,-919798.0,-919798.0,tie,tie,0,0,0,0,0.0,0.0,0,0
graphpart_2g-0055-0062.lp,graphpart,0,0,min,FEASIBLE,FEASIBLE,FEASIBLE,-1389815.0,-1389815.0,-1389815.0,tie,tie,0,0,0,0,0.0,0.0,0,0
graphpart_2g-0066-0066.lp,graphpart,0,0,min,FEASIBLE,FEASIBLE,FEASIBLE,-2809020.0,-2809020.0,-2809020.0,tie,tie,0,0,0,0,0.0,0.0,0,0
graphpart_2g-0077-0077.lp,graphpart,0,0,min,FEASIBLE,FEASIBLE,FEASIBLE,-3215899.0,-3215899.0,-3215899.0,tie,tie,0,0,0,0,0.0,0.0,0,0
graphpart_2g-0088-0088.lp,graphpart,0,0,min,FEASIBLE,FEASIBLE,FEASIBLE,-5935341.0,-5935341.0,-5935341.0,tie,tie,0,0,0,0,0.0,0.0,0,0
graphpart_2g-0099-9211.lp,graphpart,0,0,min,FEASIBLE,FEASIBLE,FEASIBLE,-5070020.0,-5070020.0,-5070020.0,tie,tie,0,0,0,0,0.0,0.0,0,0
graphpart_2g-1010-0824.lp,graphpart,0,0,min,FEASIBLE,FEASIBLE,FEASIBLE,-6983053.0,-6983053.0,-6983053.0,tie,tie,0,0,0,0,0.0,0.0,0,0
graphpart_2pm-0044-0044.lp,graphpart,0,0,min,FEASIBLE,FEASIBLE,FEASIBLE,-10.0,-10.0,-10.0,tie,tie,0,0,0,0,0.0,0.0,0,0
graphpart_2pm-0055-0055.lp,graphpart,0,0,min,FEASIBLE,FEASIBLE,FEASIBLE,-20.0,-20.0,-20.0,tie,tie,0,0,0,0,0.0,0.0,0,0
graphpart_2pm-0066-0066.lp,graphpart,0,0,min,FEASIBLE,FEASIBLE,FEASIBLE,-29.0,-29.0,-29.0,tie,tie,0,0,0,0,0.0,0.0,0,0
graphpart_2pm-0077-0777.lp,graphpart,0,0,min,FEASIBLE,FEASIBLE,FEASIBLE,-38.0,-38.0,-38.0,tie,tie,0,0,0,0,0.0,0.0,0,0
graphpart_2pm-0088-0888.lp,graphpart,0,0,min,FEASIBLE,FEASIBLE,FEASIBLE,-54.0,-54.0,-54.0,tie,tie,0,0,0,0,0.0,0.0,0,0
graphpart_2pm-0099-0999.lp,graphpart,0,0,min,FEASIBLE,FEASIBLE,FEASIBLE,-63.0,-63.0,-63.0,tie,tie,0,0,0,0,0.0,0.0,0,0
graphpart_3g-0234-0234.lp,graphpart,0,0,min,FEASIBLE,FEASIBLE,FEASIBLE,-1952753.0,-1952753.0,-1952753.0,tie,tie,0,0,0,0,0.0,0.0,0,0
graphpart_3g-0244-0244.lp,graphpart,0,0,min,FEASIBLE,FEASIBLE,FEASIBLE,-2725383.0,-2725383.0,-2725383.0,tie,tie,0,0,0,0,0.0,0.0,0,0
graphpart_3g-0333-0333.lp,graphpart,0,0,min,FEASIBLE,FEASIBLE,FEASIBLE,-1882389.0,-1882389.0,-1882389.0,tie,tie,0,0,0,0,0.0,0.0,0,0
graphpart_3g-0334-0334.lp,graphpart,0,0,min,FEASIBLE,FEASIBLE,FEASIBLE,-3410696.0,-3410696.0,-3410696.0,tie,tie,0,0,0,0,0.0,0.0,0,0
graphpart_3g-0344-0344.lp,graphpart,0,0,min,FEASIBLE,FEASIBLE,FEASIBLE,-5083378.0,-5083378.0,-5083378.0,tie,tie,0,0,0,0,0.0,0.0,0,0
graphpart_3g-0444-0444.lp,graphpart,0,0,min,FEASIBLE,FEASIBLE,FEASIBLE,-7603756.0,-7603756.0,-7603756.0,tie,tie,0,0,0,0,0.0,0.0,0,0
graphpart_3pm-0234-0234.lp,graphpart,0,0,min,FEASIBLE,FEASIBLE,FEASIBLE,-20.0,-20.0,-20.0,tie,tie,0,0,0,0,0.0,0.0,0,0
graphpart_3pm-0244-0244.lp,graphpart,0,0,min,FEASIBLE,FEASIBLE,FEASIBLE,-28.0,-28.0,-28.0,tie,tie,0,0,0,0,0.0,0.0,0,0
graphpart_3pm-0333-0333.lp,graphpart,0,0,min,FEASIBLE,FEASIBLE,FEASIBLE,-26.0,-26.0,-26.0,tie,tie,0,0,0,0,0.0,0.0,0,0
graphpart_3pm-0334-0334.lp,graphpart,0,0,min,FEASIBLE,FEASIBLE,FEASIBLE,-36.0,-36.0,-36.0,tie,tie,0,0,0,0,0.0,0.0,0,0
graphpart_3pm-0344-0344.lp,graphpart,0,0,min,FEASIBLE,FEASIBLE,FEASIBLE,-48.0,-48.0,-48.0,tie,tie,0,0,0,0,0.0,0.0,0,0
nvs03.lp,nvs03.lp,0,0,min,FEASIBLE,FEASIBLE,FEASIBLE,64.0,64.0,64.0,tie,tie,0,0,0,0,0.0,0.0,0,0
nvs10.lp,nvs10.lp,0,0,min,FEASIBLE,FEASIBLE,FEASIBLE,-310.8,-310.8,-310.8,tie,tie,0,0,0,0,0.0,0.0,0,0
nvs11.lp,nvs11.lp,0,0,min,FEASIBLE,FEASIBLE,FEASIBLE,-431.0,-431.0,-431.0,tie,tie,0,0,0,0,0.0,0.0,0,0
nvs12.lp,nvs12.lp,0,0,min,FEASIBLE,FEASIBLE,FEASIBLE,-481.2,-481.2,-481.2,tie,tie,0,0,0,0,0.0,0.0,0,0
nvs13.lp,nvs13.lp,0,0,min,FEASIBLE,FEASIBLE,FEASIBLE,-585.2,-585.2,-585.2,tie,tie,0,0,0,0,0.0,0.0,0,0
nvs15.lp,nvs15.lp,0,0,min,FEASIBLE,FEASIBLE,FEASIBLE,1.0,1.0,1.0,tie,tie,0,0,0,0,0.0,0.0,0,0
nvs17.lp,nvs17.lp,0,0,min,FEASIBLE,FEASIBLE,FEASIBLE,-1100.4,-1100.4,-1100.4,tie,tie,0,0,0,0,0.0,0.0,0,0
nvs18.lp,nvs18.lp,0,0,min,FEASIBLE,FEASIBLE,FEASIBLE,-778.4,-778.4,-778.4,tie,tie,0,0,0,0,0.0,0.0,0,0
nvs19.lp,nvs19.lp,0,0,min,FEASIBLE,FEASIBLE,FEASIBLE,-1098.4,-1098.4,-1098.4,tie,tie,0,0,0,0,0.0,0.0,0,0
nvs23.lp,nvs23.lp,0,0,min,FEASIBLE,FEASIBLE,FEASIBLE,-1125.2,-1125.2,-1125.2,tie,tie,0,0,0,0,0.0,0.0,0,0
nvs24.lp,nvs24.lp,0,0,min,FEASIBLE,FEASIBLE,FEASIBLE,-1033.2,-1033.2,-1033.2,tie,tie,0,0,0,0,0.0,0.0,0,0
pb302035.lp,pb302035.lp,0,0,min,FEASIBLE,FEASIBLE,FEASIBLE,3818368.0,3818368.0,3818368.0,tie,tie,0,0,0,0,0.0,0.0,0,0
pb302055.lp,pb302055.lp,0,0,min,FEASIBLE,FEASIBLE,FEASIBLE,3966094.0,3966094.0,3966094.0,tie,tie,0,0,0,0,0.0,0.0,0,0
pb302075.lp,pb302075.lp,0,0,min,FEASIBLE,FEASIBLE,FEASIBLE,4191764.0,4191764.0,4191764.0,tie,tie,0,0,0,0,0.0,0.0,0,0
pb351535.lp,pb351535.lp,0,0,min,FEASIBLE,FEASIBLE,FEASIBLE,5115148.0,5115148.0,5115148.0,tie,tie,0,0,0,0,0.0,0.0,0,0
pb351555.lp,pb351555.lp,0,0,min,FEASIBLE,FEASIBLE,FEASIBLE,4888133.0,4888133.0,4888133.0,tie,tie,0,0,0,0,0.0,0.0,0,0
pb351575.lp,pb351575.lp,0,0,min,FEASIBLE,FEASIBLE,FEASIBLE,6553485.0,6553485.0,6553485.0,tie,tie,0,0,0,0,0.0,0.0,0,0
prob02.lp,prob02.lp,0,0,min,FEASIBLE,FEASIBLE,FEASIBLE,128255.0,128255.0,128255.0,tie,tie,0,0,0,0,0.0,0.0,0,0
prob03.lp,prob03.lp,0,0,min,FEASIBLE,FEASIBLE,FEASIBLE,10.0,10.0,10.0,tie,tie,0,0,0,0,0.0,0.0,0,0
QPLIB_0067.lp,QPLIB,0,0,min,FEASIBLE,FEASIBLE,FEASIBLE,-94446.0,-94446.0,-94446.0,tie,tie,0,0,0,0,0.0,0.0,0,0
QPLIB_0633.lp,QPLIB,0,0,min,FEASIBLE,FEASIBLE,FEASIBLE,82.048035,82.048035,82.048035,tie,tie,0,0,0,0,0.0,0.0,0,0
QPLIB_0752.lp,QPLIB,0,0,max,FEASIBLE,FEASIBLE,FEASIBLE,24071.0,24071.0,24071.0,tie,tie,0,0,0,0,0.0,0.0,0,0
QPLIB_10040.lp,QPLIB,0,0,min,FEASIBLE,FEASIBLE,FEASIBLE,0.0,0.0,0.0,tie,tie,0,0,0,0,0.0,0.0,0,0
QPLIB_10041.lp,QPLIB,0,0,min,FEASIBLE,FEASIBLE,FEASIBLE,0.0,0.0,0.0,tie,tie,0,0,0,0,0.0,0.0,0,0
QPLIB_10042.lp,QPLIB,0,0,min,FEASIBLE,FEASIBLE,FEASIBLE,-20.881926,-20.881926,-20.881926,tie,tie,0,0,0,0,0.0,0.0,0,0
QPLIB_10043.lp,QPLIB,0,0,min,FEASIBLE,FEASIBLE,FEASIBLE,0.0,0.0,0.0,tie,tie,0,0,0,0,0.0,0.0,0,0
QPLIB_10044.lp,QPLIB,0,0,min,FEASIBLE,FEASIBLE,FEASIBLE,-7.868867,-7.868867,-7.868867,tie,tie,0,0,0,0,0.0,0.0,0,0
QPLIB_10045.lp,QPLIB,0,0,min,FEASIBLE,FEASIBLE,FEASIBLE,0.0,0.0,0.0,tie,tie,0,0,0,0,0.0,0.0,0,0
QPLIB_10046.lp,QPLIB,0,0,min,FEASIBLE,FEASIBLE,FEASIBLE,-0.7127,-0.7127,-0.7127,tie,tie,0,0,0,0,0.0,0.0,0,0
QPLIB_10047.lp,QPLIB,0,0,min,FEASIBLE,FEASIBLE,FEASIBLE,0.0,0.0,0.0,tie,tie,0,0,0,0,0.0,0.0,0,0
QPLIB_10048.lp,QPLIB,0,0,min,FEASIBLE,FEASIBLE,FEASIBLE,-13.562674,-13.562674,-13.562674,tie,tie,0,0,0,0,0.0,0.0,0,0
QPLIB_10049.lp,QPLIB,0,0,min,FEASIBLE,FEASIBLE,FEASIBLE,0.0,0.0,0.0,tie,tie,0,0,0,0,0.0,0.0,0,0
QPLIB_10050.lp,QPLIB,0,0,min,FEASIBLE,FEASIBLE,FEASIBLE,-25.697662,-25.697662,-25.697662,tie,tie,0,0,0,0,0.0,0.0,0,0
QPLIB_10051.lp,QPLIB,0,0,min,FEASIBLE,FEASIBLE,FEASIBLE,0.0,0.0,0.0,tie,tie,0,0,0,0,0.0,0.0,0,0
QPLIB_10052.lp,QPLIB,0,0,min,FEASIBLE,FEASIBLE,FEASIBLE,-11.810576,-11.810576,-11.810576,tie,tie,0,0,0,0,0.0,0.0,0,0
QPLIB_10053.lp,QPLIB,0,0,min,FEASIBLE,FEASIBLE,FEASIBLE,0.0,0.0,0.0,tie,tie,0,0,0,0,0.0,0.0,0,0
QPLIB_10054.lp,QPLIB,0,0,min,FEASIBLE,FEASIBLE,FEASIBLE,-10.197064,-10.197064,-10.197064,tie,tie,0,0,0,0,0.0,0.0,0,0
QPLIB_10055.lp,QPLIB,0,0,min,FEASIBLE,FEASIBLE,FEASIBLE,-1.258548,-1.258548,-1.258548,tie,tie,0,0,0,0,0.0,0.0,0,0
QPLIB_10056.lp,QPLIB,0,0,min,FEASIBLE,FEASIBLE,FEASIBLE,-33.856789,-33.856789,-33.856789,tie,tie,0,0,0,0,0.0,0.0,0,0
QPLIB_10057.lp,QPLIB,0,0,min,FEASIBLE,FEASIBLE,FEASIBLE,0.0,0.0,0.0,tie,tie,0,0,0,0,0.0,0.0,0,0
QPLIB_10058.lp,QPLIB,0,0,min,FEASIBLE,FEASIBLE,FEASIBLE,-3.566526,-3.566526,-3.566526,tie,tie,0,0,0,0,0.0,0.0,0,0
QPLIB_10059.lp,QPLIB,0,0,min,FEASIBLE,FEASIBLE,FEASIBLE,0.0,0.0,0.0,tie,tie,0,0,0,0,0.0,0.0,0,0
QPLIB_10060.lp,QPLIB,0,0,min,FEASIBLE,FEASIBLE,FEASIBLE,0.0,0.0,0.0,tie,tie,0,0,0,0,0.0,0.0,0,0
QPLIB_10061.lp,QPLIB,0,0,min,FEASIBLE,FEASIBLE,FEASIBLE,-23.952233,-23.952233,-23.952233,tie,tie,0,0,0,0,0.0,0.0,0,0
QPLIB_10062.lp,QPLIB,0,0,min,FEASIBLE,FEASIBLE,FEASIBLE,0.0,0.0,0.0,tie,tie,0,0,0,0,0.0,0.0,0,0
QPLIB_10063.lp,QPLIB,0,0,min,FEASIBLE,FEASIBLE,FEASIBLE,-42.515972,-42.515972,-42.515972,tie,tie,0,0,0,0,0.0,0.0,0,0
QPLIB_10064.lp,QPLIB,0,0,min,FEASIBLE,FEASIBLE,FEASIBLE,0.0,0.0,0.0,tie,tie,0,0,0,0,0.0,0.0,0,0
QPLIB_10065.lp,QPLIB,0,0,min,FEASIBLE,FEASIBLE,FEASIBLE,-29.822421,-29.822421,-29.822421,tie,tie,0,0,0,0,0.0,0.0,0,0
QPLIB_10066.lp,QPLIB,0,0,min,FEASIBLE,FEASIBLE,FEASIBLE,-32.979886,-32.979886,-32.979886,tie,tie,0,0,0,0,0.0,0.0,0,0
QPLIB_10067.lp,QPLIB,0,0,min,FEASIBLE,FEASIBLE,FEASIBLE,-31.568701,-31.568701,-31.568701,tie,tie,0,0,0,0,0.0,0.0,0,0
QPLIB_10068.lp,QPLIB,0,0,min,FEASIBLE,FEASIBLE,FEASIBLE,-31.639697,-31.639697,-31.639697,tie,tie,0,0,0,0,0.0,0.0,0,0
QPLIB_10069.lp,QPLIB,0,0,min,FEASIBLE,FEASIBLE,FEASIBLE,0.0,0.0,0.0,tie,tie,0,0,0,0,0.0,0.0,0,0
QPLIB_10070.lp,QPLIB,0,0,min,FEASIBLE,FEASIBLE,FEASIBLE,-25.33285,-25.288869,-25.288869,loss,tie,0,0,0,0,0.0,0.0,0,0
QPLIB_10071.lp,QPLIB,0,0,min,FEASIBLE,FEASIBLE,FEASIBLE,0.0,0.0,0.0,tie,tie,0,0,0,0,0.0,0.0,0,0
QPLIB_10072.lp,QPLIB,0,0,min,FEASIBLE,FEASIBLE,FEASIBLE,0.0,0.0,0.0,tie,tie,0,0,0,0,0.0,0.0,0,0
QPLIB_10073.lp,QPLIB,0,0,min,FEASIBLE,FEASIBLE,FEASIBLE,0.0,0.0,0.0,tie,tie,0,0,0,0,0.0,0.0,0,0
QPLIB_10074.lp,QPLIB,0,0,min,FEASIBLE,FEASIBLE,FEASIBLE,0.0,0.0,0.0,tie,tie,0,0,0,0,0.0,0.0,0,0
QPLIB_1976.lp,QPLIB,0,0,min,FEASIBLE,FEASIBLE,FEASIBLE,-9594.0,-9594.0,-9594.0,tie,tie,0,0,0,0,0.0,0.0,0,0
QPLIB_2017.lp,QPLIB,0,0,min,FEASIBLE,FEASIBLE,FEASIBLE,-22984.0,-22984.0,-22984.0,tie,tie,0,0,0,0,0.0,0.0,0,0
QPLIB_2022.lp,QPLIB,0,0,min,FEASIBLE,FEASIBLE,FEASIBLE,-22603.5,-22603.5,-22603.5,tie,tie,0,0,0,0,0.0,0.0,0,0
QPLIB_2029.lp,QPLIB,0,0,min,FEASIBLE,FEASIBLE,FEASIBLE,-34576.0,-34704.0,-34576.0,tie,loss,0,0,0,0,0.0,0.0,0,0
QPLIB_2036.lp,QPLIB,0,0,min,FEASIBLE,FEASIBLE,FEASIBLE,-30660.0,-30660.0,-30660.0,tie,tie,0,0,0,0,0.0,0.0,0,0
QPLIB_2047.lp,QPLIB,0,0,min,FEASIBLE,FEASIBLE,FEASIBLE,1182604.5,1182604.5,1182604.5,tie,tie,0,0,0,0,0.0,0.0,0,0
QPLIB_2055.lp,QPLIB,0,0,min,FEASIBLE,FEASIBLE,FEASIBLE,3389110.0,3389110.0,3389110.0,tie,tie,0,0,0,0,0.0,0.0,0,0
QPLIB_2060.lp,QPLIB,0,0,min,FEASIBLE,FEASIBLE,FEASIBLE,2603368.0,2603368.0,2603368.0,tie,tie,0,0,0,0,0.0,0.0,0,0
QPLIB_2067.lp,QPLIB,0,0,min,FEASIBLE,FEASIBLE,FEASIBLE,3418550.0,3418550.0,3418550.0,tie,tie,0,0,0,0,0.0,0.0,0,0
QPLIB_2073.lp,QPLIB,0,0,min,FEASIBLE,FEASIBLE,FEASIBLE,7677910.0,7677910.0,7677910.0,tie,tie,0,0,0,0,0.0,0.0,0,0
QPLIB_2077.lp,QPLIB,0,0,min,FEASIBLE,FEASIBLE,FEASIBLE,2388577.5,2388577.5,2388577.5,tie,tie,0,0,0,0,0.0,0.0,0,0
QPLIB_2085.lp,QPLIB,0,0,min,FEASIBLE,FEASIBLE,FEASIBLE,7248640.0,7248640.0,7248640.0,tie,tie,0,0,0,0,0.0,0.0,0,0
QPLIB_2087.lp,QPLIB,0,0,min,FEASIBLE,FEASIBLE,FEASIBLE,3312579.0,3312579.0,3312579.0,tie,tie,0,0,0,0,0.0,0.0,0,0
QPLIB_2096.lp,QPLIB,0,0,min,FEASIBLE,FEASIBLE,FEASIBLE,7122976.0,7122976.0,7122976.0,tie,tie,0,0,0,0,0.0,0.0,0,0
QPLIB_2315.lp,QPLIB,0,0,min,FEASIBLE,FEASIBLE,FEASIBLE,-29352.0,-29352.0,-29352.0,tie,tie,0,0,0,0,0.0,0.0,0,0
QPLIB_2357.lp,QPLIB,0,0,min,FEASIBLE,FEASIBLE,FEASIBLE,-647.0,-647.0,-647.0,tie,tie,0,0,0,0,0.0,0.0,0,0
QPLIB_2359.lp,QPLIB,0,0,min,FEASIBLE,FEASIBLE,FEASIBLE,-638.0,-638.0,-638.0,tie,tie,0,0,0,0,0.0,0.0,0,0
QPLIB_2492.lp,QPLIB,0,0,min,FEASIBLE,FEASIBLE,FEASIBLE,2742.0,2742.0,2742.0,tie,tie,0,0,0,0,0.0,0.0,0,0
QPLIB_2512.lp,QPLIB,0,0,min,FEASIBLE,FEASIBLE,FEASIBLE,135028.0,135028.0,135028.0,tie,tie,0,0,0,0,0.0,0.0,0,0
QPLIB_2733.lp,QPLIB,0,0,min,FEASIBLE,FEASIBLE,FEASIBLE,5446.0,5446.0,5446.0,tie,tie,0,0,0,0,0.0,0.0,0,0
QPLIB_2880.lp,QPLIB,0,0,min,FEASIBLE,FEASIBLE,FEASIBLE,1204498.0,1204498.0,1204498.0,tie,tie,0,0,0,0,0.0,0.0,0,0
QPLIB_2957.lp,QPLIB,0,0,min,FEASIBLE,FEASIBLE,FEASIBLE,3666.0,3666.0,3666.0,tie,tie,0,0,0,0,0.0,0.0,0,0
QPLIB_3307.lp,QPLIB,0,0,min,FEASIBLE,FEASIBLE,FEASIBLE,1266.0,1266.0,1266.0,tie,tie,0,0,0,0,0.0,0.0,0,0
QPLIB_3347.lp,QPLIB,0,0,min,FEASIBLE,FEASIBLE,FEASIBLE,3941807.0,3944920.0,3944920.0,loss,tie,0,0,0,0,0.0,0.0,0,0
QPLIB_3361.lp,QPLIB,0,0,min,FEASIBLE,FEASIBLE,FEASIBLE,113360.0,115570.0,113360.0,tie,win,0,0,0,0,0.0,0.0,0,0
QPLIB_3380.lp,QPLIB,0,0,min,FEASIBLE,FEASIBLE,FEASIBLE,2147483647.0,2147483647.0,2147483647.0,tie,tie,0,0,0,0,0.0,0.0,0,0
QPLIB_3402.lp,QPLIB,0,0,min,FEASIBLE,FEASIBLE,FEASIBLE,224416.0,229092.0,224416.0,tie,win,0,0,0,0,0.0,0.0,0,0
QPLIB_3413.lp,QPLIB,0,0,min,FEASIBLE,FEASIBLE,FEASIBLE,2404.0,2404.0,2404.0,tie,tie,0,0,0,0,0.0,0.0,0,0
QPLIB_3506.lp,QPLIB,0,1,max,FEASIBLE,FEASIBLE,FEASIBLE,478.0,478.0,478.0,tie,tie,163211,152167504,18015,25,2.0,76.156,0,0
QPLIB_3562.lp,QPLIB,0,0,min,FEASIBLE,FEASIBLE,FEASIBLE,15.6,15.6,15.6,tie,tie,0,0,0,0,0.0,0.0,0,0
QPLIB_3565.lp,QPLIB,0,1,max,FEASIBLE,FEASIBLE,FEASIBLE,282.0,282.0,282.0,tie,tie,317890,159402110,29382,11,2.0,68.7318,0,0
QPLIB_3584.lp,QPLIB,0,0,min,FEASIBLE,FEASIBLE,FEASIBLE,-22989.0,-22989.0,-22989.0,tie,tie,0,0,0,0,0.0,0.0,0,0
QPLIB_3587.lp,QPLIB,0,0,min,FEASIBLE,FEASIBLE,FEASIBLE,16725.0,16725.0,16725.0,tie,tie,0,0,0,0,0.0,0.0,0,0
QPLIB_3614.lp,QPLIB,0,0,min,FEASIBLE,FEASIBLE,FEASIBLE,14409.0,14409.0,14409.0,tie,tie,0,0,0,0,0.0,0.0,0,0
QPLIB_3642.lp,QPLIB,0,1,max,FEASIBLE,FEASIBLE,FEASIBLE,1032.0,1032.0,1032.0,tie,tie,85286,170178435,9506,47,2.0,78.3838,0,0
QPLIB_3650.lp,QPLIB,0,1,max,FEASIBLE,FEASIBLE,FEASIBLE,920.0,920.0,920.0,tie,tie,86012,156582835,8000,53,2.0,79.3505,0,0
QPLIB_3693.lp,QPLIB,0,1,max,FEASIBLE,FEASIBLE,FEASIBLE,1150.0,1150.0,1152.0,win,win,72064,157069813,7520,63,2.0,77.9452,0,0
QPLIB_3703.lp,QPLIB,0,0,min,FEASIBLE,FEASIBLE,FEASIBLE,390346.0,390346.0,390346.0,tie,tie,0,0,0,0,0.0,0.0,0,0
QPLIB_3705.lp,QPLIB,0,1,max,FEASIBLE,FEASIBLE,FEASIBLE,384.0,384.0,384.0,tie,tie,242184,170124295,31196,18,2.0,71.0359,0,0
QPLIB_3706.lp,QPLIB,0,1,max,FEASIBLE,FEASIBLE,FEASIBLE,682.0,682.0,680.0,loss,loss,133280,178596425,16174,35,2.0,76.2495,0,0
QPLIB_3709.lp,QPLIB,0,0,min,FEASIBLE,FEASIBLE,FEASIBLE,9113892.0,9113892.0,9113892.0,tie,tie,0,0,0,0,0.0,0.0,0,0
QPLIB_3714.lp,QPLIB,0,0,min,FEASIBLE,FEASIBLE,FEASIBLE,1183.0,1183.0,1183.0,tie,tie,0,0,0,0,0.0,0.0,0,0
QPLIB_3738.lp,QPLIB,0,1,max,FEASIBLE,FEASIBLE,FEASIBLE,422.0,422.0,422.0,tie,tie,187322,152231038,20084,16,2.0,75.3403,0,0
QPLIB_3745.lp,QPLIB,0,1,max,FEASIBLE,FEASIBLE,FEASIBLE,334.0,334.0,334.0,tie,tie,247390,147653369,30891,12,2.0,69.2409,0,0
QPLIB_3750.lp,QPLIB,0,0,min,FEASIBLE,FEASIBLE,FEASIBLE,6348.0,6348.0,6348.0,tie,tie,0,0,0,0,0.0,0.0,0,0
QPLIB_3751.lp,QPLIB,0,0,min,FEASIBLE,FEASIBLE,FEASIBLE,2312.0,2312.0,2312.0,tie,tie,0,0,0,0,0.0,0.0,0,0
QPLIB_3752.lp,QPLIB,0,0,min,FEASIBLE,FEASIBLE,FEASIBLE,-1217.0,-1217.0,-1217.0,tie,tie,0,0,0,0,0.0,0.0,0,0
QPLIB_3757.lp,QPLIB,0,0,min,FEASIBLE,FEASIBLE,FEASIBLE,-511.0,-511.0,-511.0,tie,tie,0,0,0,0,0.0,0.0,0,0
QPLIB_3762.lp,QPLIB,0,0,min,FEASIBLE,FEASIBLE,FEASIBLE,-270.0,-270.0,-270.0,tie,tie,0,0,0,0,0.0,0.0,0,0
QPLIB_3772.lp,QPLIB,0,0,min,FEASIBLE,FEASIBLE,FEASIBLE,-938.0,-938.0,-938.0,tie,tie,0,0,0,0,0.0,0.0,0,0
QPLIB_3775.lp,QPLIB,0,0,min,FEASIBLE,FEASIBLE,FEASIBLE,3990.0,3990.0,3990.0,tie,tie,0,0,0,0,0.0,0.0,0,0
QPLIB_3780.lp,QPLIB,0,0,min,FEASIBLE,FEASIBLE,FEASIBLE,100.9,100.9,100.9,tie,tie,0,0,0,0,0.0,0.0,0,0
QPLIB_3803.lp,QPLIB,0,0,min,FEASIBLE,FEASIBLE,FEASIBLE,-6982.0,-6982.0,-6982.0,tie,tie,0,0,0,0,0.0,0.0,0,0
QPLIB_3815.lp,QPLIB,0,0,min,FEASIBLE,FEASIBLE,FEASIBLE,-65.0,-65.0,-65.0,tie,tie,0,0,0,0,0.0,0.0,0,0
QPLIB_3822.lp,QPLIB,0,1,max,FEASIBLE,FEASIBLE,FEASIBLE,850.0,850.0,848.0,loss,loss,108154,178681994,13109,54,2.0,75.9039,0,0
QPLIB_3832.lp,QPLIB,0,1,max,FEASIBLE,FEASIBLE,FEASIBLE,552.0,554.0,554.0,win,tie,165726,175761426,20499,31,2.0,74.9023,0,0
QPLIB_3834.lp,QPLIB,0,0,min,FEASIBLE,FEASIBLE,FEASIBLE,3854.936186,3854.936186,3854.936186,tie,tie,0,0,0,0,0.0,0.0,0,0
QPLIB_3838.lp,QPLIB,0,1,max,FEASIBLE,FEASIBLE,FEASIBLE,744.0,744.0,744.0,tie,tie,120838,180234900,15144,29,2.0,76.2728,0,0
QPLIB_3841.lp,QPLIB,0,0,min,FEASIBLE,FEASIBLE,FEASIBLE,-1817.0,-1817.0,-1817.0,tie,tie,0,0,0,0,0.0,0.0,0,0
QPLIB_3850.lp,QPLIB,0,1,max,FEASIBLE,FEASIBLE,FEASIBLE,1196.0,1196.0,1196.0,tie,tie,71219,168870735,8428,66,2.0,78.4119,0,0
QPLIB_3852.lp,QPLIB,0,1,max,FEASIBLE,FEASIBLE,FEASIBLE,234.0,234.0,234.0,tie,tie,356418,147456206,28643,9,2.0,67.1423,0,0
QPLIB_3860.lp,QPLIB,0,0,min,FEASIBLE,FEASIBLE,FEASIBLE,-20161.0,-20161.0,-20161.0,tie,tie,0,0,0,0,0.0,0.0,0,0
QPLIB_3865.lp,QPLIB,0,0,min,FEASIBLE,FEASIBLE,FEASIBLE,6553485.0,6553485.0,6553485.0,tie,tie,0,0,0,0,0.0,0.0,0,0
QPLIB_3877.lp,QPLIB,0,1,max,FEASIBLE,FEASIBLE,FEASIBLE,602.0,600.0,600.0,loss,tie,144299,172565223,17097,35,2.0,76.6981,0,0
QPLIB_3883.lp,QPLIB,0,0,min,FEASIBLE,FEASIBLE,FEASIBLE,-765.0,-765.0,-765.0,tie,tie,0,0,0,0,0.0,0.0,0,0
QPLIB_3913.lp,QPLIB,0,0,min,FEASIBLE,FEASIBLE,FEASIBLE,43.7,43.7,43.7,tie,tie,0,0,0,0,0.0,0.0,0,0
QPLIB_3923.lp,QPLIB,0,0,min,FEASIBLE,FEASIBLE,FEASIBLE,91.325,91.325,91.325,tie,tie,0,0,0,0,0.0,0.0,0,0
QPLIB_3931.lp,QPLIB,0,0,min,FEASIBLE,FEASIBLE,FEASIBLE,113.3365,113.3365,113.3365,tie,tie,0,0,0,0,0.0,0.0,0,0
QPLIB_3980.lp,QPLIB,0,0,min,FEASIBLE,FEASIBLE,FEASIBLE,10.65,10.65,10.65,tie,tie,0,0,0,0,0.0,0.0,0,0
QPLIB_5721.lp,QPLIB,0,1,max,FEASIBLE,FEASIBLE,FEASIBLE,8186714.0,8207422.0,8236174.0,win,win,2033,1919922,84,5,85509.0,225.119,0,0
QPLIB_5725.lp,QPLIB,0,1,max,FEASIBLE,FEASIBLE,FEASIBLE,33380887.0,33380887.0,33380887.0,tie,tie,119223,117931334,43898,12,290748.0,57.6384,0,0
QPLIB_5755.lp,QPLIB,0,1,max,FEASIBLE,FEASIBLE,FEASIBLE,24609708.0,24673183.0,24555824.0,loss,loss,137044,105946418,64066,17,243158.0,50.6458,0,0
QPLIB_5875.lp,QPLIB,0,1,max,FEASIBLE,FEASIBLE,FEASIBLE,43757.0,43757.0,43757.0,tie,tie,9625,142435103,1482,0,88.0,69.3125,0,0
QPLIB_5881.lp,QPLIB,0,1,max,FEASIBLE,FEASIBLE,FEASIBLE,13067.0,13067.0,13067.0,tie,tie,83173,161020264,12871,0,88.0,80.4776,0,0
QPLIB_5882.lp,QPLIB,0,1,max,FEASIBLE,FEASIBLE,FEASIBLE,25388.0,25388.0,25388.0,tie,tie,20441,165498687,3414,0,92.0,70.9039,0,0
QPLIB_5909.lp,QPLIB,0,1,max,FEASIBLE,FEASIBLE,FEASIBLE,35726.0,35726.0,35726.0,tie,tie,44387,127440720,13123,3,156.0,79.0527,0,0
QPLIB_5922.lp,QPLIB,0,1,max,FEASIBLE,FEASIBLE,FEASIBLE,128339.0,128339.0,128339.0,tie,tie,10920,130318369,5393,5,174.0,78.7061,0,0
QPLIB_5935.lp,QPLIB,0,0,max,FEASIBLE,FEASIBLE,FEASIBLE,3222.0,3222.0,3222.0,tie,tie,0,0,0,0,0.0,0.0,0,0
QPLIB_5944.lp,QPLIB,0,0,max,FEASIBLE,FEASIBLE,FEASIBLE,1326.0,1326.0,1326.0,tie,tie,0,0,0,0,0.0,0.0,0,0
QPLIB_5962.lp,QPLIB,0,0,max,FEASIBLE,FEASIBLE,FEASIBLE,3532.0,3532.0,3532.0,tie,tie,0,0,0,0,0.0,0.0,0,0
QPLIB_5971.lp,QPLIB,0,0,max,FEASIBLE,FEASIBLE,FEASIBLE,1325.0,1325.0,1325.0,tie,tie,0,0,0,0,0.0,0.0,0,0
QPLIB_5980.lp,QPLIB,0,0,max,FEASIBLE,FEASIBLE,FEASIBLE,673.0,673.0,673.0,tie,tie,0,0,0,0,0.0,0.0,0,0
QPLIB_6324.lp,QPLIB,0,0,min,FEASIBLE,FEASIBLE,FEASIBLE,2618.0,2618.0,2618.0,tie,tie,0,0,0,0,0.0,0.0,0,0
QPLIB_6487.lp,QPLIB,0,0,min,FEASIBLE,FEASIBLE,FEASIBLE,344592.0,344592.0,344592.0,tie,tie,0,0,0,0,0.0,0.0,0,0
QPLIB_6597.lp,QPLIB,0,0,min,FEASIBLE,FEASIBLE,FEASIBLE,6491721.0,6491721.0,6491721.0,tie,tie,0,0,0,0,0.0,0.0,0,0
QPLIB_6647.lp,QPLIB,0,0,min,FEASIBLE,FEASIBLE,FEASIBLE,2.0,2.0,2.0,tie,tie,0,0,0,0,0.0,0.0,0,0
QPLIB_6757.lp,QPLIB,0,0,min,FEASIBLE,FEASIBLE,FEASIBLE,147.0,147.0,147.0,tie,tie,0,0,0,0,0.0,0.0,0,0
QPLIB_6764.lp,QPLIB,0,0,min,FEASIBLE,FEASIBLE,FEASIBLE,197.0,197.0,197.0,tie,tie,0,0,0,0,0.0,0.0,0,0
QPLIB_6799.lp,QPLIB,0,0,min,FEASIBLE,FEASIBLE,FEASIBLE,165.0,165.0,165.0,tie,tie,0,0,0,0,0.0,0.0,0,0
QPLIB_6941.lp,QPLIB,0,0,min,FEASIBLE,FEASIBLE,FEASIBLE,193.0,193.0,193.0,tie,tie,0,0,0,0,0.0,0.0,0,0
QPLIB_7127.lp,QPLIB,0,0,min,FEASIBLE,FEASIBLE,FEASIBLE,0.0,0.0,0.0,tie,tie,0,0,0,0,0.0,0.0,0,0
QPLIB_7139.lp,QPLIB,0,0,min,FEASIBLE,FEASIBLE,FEASIBLE,621.0,621.0,621.0,tie,tie,0,0,0,0,0.0,0.0,0,0
QPLIB_7144.lp,QPLIB,0,0,min,FEASIBLE,FEASIBLE,FEASIBLE,813.0,813.0,813.0,tie,tie,0,0,0,0,0.0,0.0,0,0
QPLIB_7149.lp,QPLIB,0,0,min,FEASIBLE,FEASIBLE,FEASIBLE,959.0,959.0,959.0,tie,tie,0,0,0,0,0.0,0.0,0,0
QPLIB_7154.lp,QPLIB,0,0,min,FEASIBLE,FEASIBLE,FEASIBLE,1159.0,1159.0,1159.0,tie,tie,0,0,0,0,0.0,0.0,0,0
QPLIB_7159.lp,QPLIB,0,0,min,FEASIBLE,FEASIBLE,FEASIBLE,1378.0,1378.0,1378.0,tie,tie,0,0,0,0,0.0,0.0,0,0
QPLIB_7164.lp,QPLIB,0,0,min,FEASIBLE,FEASIBLE,FEASIBLE,1577.0,1577.0,1577.0,tie,tie,0,0,0,0,0.0,0.0,0,0
QPLIB_9030.lp,QPLIB,0,0,min,FEASIBLE,FEASIBLE,FEASIBLE,526240.0,526240.0,526240.0,tie,tie,0,0,0,0,0.0,0.0,0,0
QPLIB_9048.lp,QPLIB,0,0,min,FEASIBLE,FEASIBLE,FEASIBLE,-1.165682,-1.165682,-1.165682,tie,tie,0,0,0,0,0.0,0.0,0,0
st_miqp1.lp,st,0,0,min,FEASIBLE,FEASIBLE,FEASIBLE,281.0,281.0,281.0,tie,tie,0,0,0,0,0.0,0.0,0,0
st_miqp2.lp,st,0,0,min,FEASIBLE,FEASIBLE,FEASIBLE,2.0,2.0,2.0,tie,tie,0,0,0,0,0.0,0.0,0,0
st_miqp3.lp,st,0,0,min,FEASIBLE,FEASIBLE,FEASIBLE,-6.0,-6.0,-6.0,tie,tie,0,0,0,0,0.0,0.0,0,0
st_test1.lp,st,0,0,min,FEASIBLE,FEASIBLE,FEASIBLE,0.0,0.0,0.0,tie,tie,0,0,0,0,0.0,0.0,0,0
st_test2.lp,st,0,0,min,FEASIBLE,FEASIBLE,FEASIBLE,-9.25,-9.25,-9.25,tie,tie,0,0,0,0,0.0,0.0,0,0
st_test3.lp,st,0,0,min,FEASIBLE,FEASIBLE,FEASIBLE,-7.0,-7.0,-7.0,tie,tie,0,0,0,0,0.0,0.0,0,0
st_test4.lp,st,0,0,min,FEASIBLE,FEASIBLE,FEASIBLE,-7.0,-7.0,-7.0,tie,tie,0,0,0,0,0.0,0.0,0,0
st_test5.lp,st,0,0,min,FEASIBLE,FEASIBLE,FEASIBLE,-110.0,-110.0,-110.0,tie,tie,0,0,0,0,0.0,0.0,0,0
st_test6.lp,st,0,0,min,FEASIBLE,FEASIBLE,FEASIBLE,471.0,471.0,471.0,tie,tie,0,0,0,0,0.0,0.0,0,0
st_test8.lp,st,0,0,min,FEASIBLE,FEASIBLE,FEASIBLE,-29605.0,-29605.0,-29605.0,tie,tie,0,0,0,0,0.0,0.0,0,0
st_testgr1.lp,st,0,0,min,FEASIBLE,FEASIBLE,FEASIBLE,-12.4929,-12.4929,-12.4929,tie,tie,0,0,0,0,0.0,0.0,0,0
st_testgr3.lp,st,0,0,min,FEASIBLE,FEASIBLE,FEASIBLE,-19.4915,-19.4915,-19.4915,tie,tie,0,0,0,0,0.0,0.0,0,0
st_testph4.lp,st,0,0,min,FEASIBLE,FEASIBLE,FEASIBLE,-80.5,-80.5,-80.5,tie,tie,0,0,0,0,0.0,0.0,0,0
